<?xml version="1.0" encoding="UTF-8"?>
<GenRun Id="impl_1" LaunchPart="xc7a35tcpg236-1" LaunchTime="1411925365">
  <File Type="RUN-CONSTRS" Name="$PDATADIR/runs/impl_1/constrs_in.xml"/>
  <File Type="PWROPT-DCP" Name="system_wrapper_pwropt.dcp"/>
  <File Type="RUN-STRAT" Name="$PDATADIR/runs/impl_1/impl_1.psg"/>
  <File Type="OPT-DRC" Name="system_wrapper_drc_opted.rpt"/>
  <File Type="ROUTE-TIMING-PB" Name="system_wrapper_timing_summary_routed.pb"/>
  <File Type="PA-TCL" Name="system_wrapper.tcl"/>
  <File Type="OPT-DCP" Name="system_wrapper_opt.dcp"/>
  <File Type="PWROPT-DRC" Name="system_wrapper_drc_pwropted.rpt"/>
  <File Type="PLACE-DCP" Name="system_wrapper_placed.dcp"/>
  <File Type="PLACE-IO" Name="system_wrapper_io_placed.rpt"/>
  <File Type="PLACE-CLK" Name="system_wrapper_clock_utilization_placed.rpt"/>
  <File Type="PLACE-UTIL" Name="system_wrapper_utilization_placed.rpt"/>
  <File Type="PLACE-UTIL-PB" Name="system_wrapper_utilization_placed.pb"/>
  <File Type="PLACE-CTRL" Name="system_wrapper_control_sets_placed.rpt"/>
  <File Type="PLACE-SIMILARITY" Name="system_wrapper_incremental_reuse_placed.rpt"/>
  <File Type="PLACE-PRE-SIMILARITY" Name="system_wrapper_incremental_reuse_pre_placed.rpt"/>
  <File Type="POSTPLACE-PWROPT-DCP" Name="system_wrapper_postplace_pwropt.dcp"/>
  <File Type="PHYSOPT-DCP" Name="system_wrapper_physopt.dcp"/>
  <File Type="PHYSOPT-DRC" Name="system_wrapper_drc_physopted.rpt"/>
  <File Type="ROUTE-DCP" Name="system_wrapper_routed.dcp"/>
  <File Type="ROUTE-DRC" Name="system_wrapper_drc_routed.rpt"/>
  <File Type="ROUTE-DRC-PB" Name="system_wrapper_drc_routed.pb"/>
  <File Type="ROUTE-PWR" Name="system_wrapper_power_routed.rpt"/>
  <File Type="ROUTE-PWR-SUM" Name="system_wrapper_power_summary_routed.pb"/>
  <File Type="ROUTE-STATUS" Name="system_wrapper_route_status.rpt"/>
  <File Type="ROUTE-STATUS-PB" Name="system_wrapper_route_status.pb"/>
  <File Type="ROUTE-TIMINGSUMMARY" Name="system_wrapper_timing_summary_routed.rpt"/>
  <File Type="ROUTE-SIMILARITY" Name="system_wrapper_incremental_reuse_routed.rpt"/>
  <File Type="POSTROUTE-PHYSOPT-DCP" Name="system_wrapper_postroute_physopt.dcp"/>
  <File Type="POSTROUTE-PHYSOPT-TIMING" Name="system_wrapper_timing_summary_postroute_physopted.rpt"/>
  <File Type="RDI-RDI" Name="system_wrapper.vdi"/>
  <File Type="POSTROUTE-PHYSOPT-TIMING-PB" Name="system_wrapper_timing_summary_postroute_physopted.pb"/>
  <File Type="BG-BIT" Name="system_wrapper.bit"/>
  <File Type="BG-BIN" Name="system_wrapper.bin"/>
  <File Type="BITSTR-MSK" Name="system_wrapper.msk"/>
  <File Type="BITSTR-RBT" Name="system_wrapper.rbt"/>
  <File Type="BITSTR-NKY" Name="system_wrapper.nky"/>
  <File Type="BITSTR-BMM" Name="system_wrapper_bd.bmm"/>
  <File Type="BITSTR-MMI" Name="system_wrapper.mmi"/>
  <File Type="BITSTR-SYSDEF" Name="system_wrapper.sysdef"/>
  <File Type="BG-BGN" Name="system_wrapper.bgn"/>
  <File Type="BG-DRC" Name="system_wrapper.drc"/>
  <File Type="WBT-USG" Name="usage_statistics_webtalk.html"/>
  <FileSet Name="constrs_in" Type="Constrs" RelSrcDir="$PSRCDIR/constrs_1">
    <Filter Type="Constrs"/>
    <File Path="$PSRCDIR/constrs_1/new/mb.xdc">
      <FileInfo>
        <Attr Name="Library" Val="xil_defaultlib"/>
        <Attr Name="UsedIn" Val="synthesis"/>
        <Attr Name="UsedIn" Val="implementation"/>
      </FileInfo>
    </File>
    <File Path="$PIOPLANDIR/constrs_1/designprops.xml">
      <FileInfo SFType="CompatPartsDb">
        <Attr Name="Library" Val="xil_defaultlib"/>
      </FileInfo>
    </File>
    <File Path="$PIOPLANDIR/constrs_1/usercols.xml">
      <FileInfo SFType="UserColsDb">
        <Attr Name="Library" Val="xil_defaultlib"/>
      </FileInfo>
    </File>
    <Config>
      <Option Name="TargetConstrsFile" Val="$PSRCDIR/constrs_1/new/mb.xdc"/>
      <Option Name="ConstrsType" Val="XDC"/>
    </Config>
  </FileSet>
  <Strategy Version="1" Minor="2">
    <StratHandle Name="Vivado Implementation Defaults" Flow="Vivado Implementation 2014"/>
    <Step Id="init_design"/>
    <Step Id="opt_design"/>
    <Step Id="power_opt_design"/>
    <Step Id="place_design"/>
    <Step Id="post_place_power_opt_design"/>
    <Step Id="phys_opt_design"/>
    <Step Id="route_design"/>
    <Step Id="post_route_phys_opt_design"/>
    <Step Id="write_bitstream"/>
  </Strategy>
</GenRun>
